"","genus","OGT"
"1","Pseudoalteromonas","26.5065971557663"
"2","Geobacillus","58.7939797826384"
"3","Vibrio","23.6876112480757"
"4","Kocuria","29.4874539120757"
"5","Alcanivorax","29.2045946671029"
"6","Symbiobacterium","57.316474489031"
"7","Chlamydophila","36.6515417913529"
"8","Leuconostoc","24.4238730096497"
"9","Pseudomonas_E","28.405721168562"
"10","Ochrobactrum","31.3800058472939"
"11","Thermoanaerobacter","64.2663353341217"
"12","Shewanella","25.3041565437569"
"13","Tolumonas","22.4342362081745"
"14","Mucilaginibacter","23.8928233199458"
"15","Marinobacter","30.1198111007112"
"16","Rothia","30.3256601308743"
"17","Bacteroides","34.2692931663376"
"18","Prevotella","34.2177405277216"
"19","Saccharomonospora","40.602341421944"
"20","Comamonas","33.9298993115371"
"21","Rhodanobacter","31.9610264914854"
"22","Aeromicrobium","32.2600911797599"
"23","Gordonia","30.0978441753782"
"24","Halanaerobium","38.6565843727744"
"25","Streptococcus","31.2028591542629"
"26","Thermus","67.9262116805262"
"27","Lysobacter","29.0408606678912"
"28","Mesonia","25.609563996561"
"29","Propionibacterium","33.9832959385597"
"30","Algoriphagus","32.0050180432737"
"31","Psychrobacter","27.2039117807141"
"32","Clostridium","34.2272125912683"
"33","Leisingera","22.4969796792558"
"34","Patulibacter","30.875283069603"
"35","Bifidobacterium","36.4396445668458"
"36","Xanthomonas","27.0775842159442"
"37","Aeromonas","30.1218262650771"
"38","Staphylococcus","33.824163783638"
"39","Methylobacterium","28.833890260427"
"40","Luteipulveratus","25.3115107238983"
"41","Pediococcus","33.0808543916012"
"42","Herbidospora","29.5369751945788"
"43","Janibacter","29.3769688707411"
"44","Tsukamurella","29.3125680697763"
"45","Novosphingobium","29.1690061665823"
"46","Hydrogenophaga","32.8757686803375"
"47","Niabella","28.8674644906987"
"48","Croceicoccus","31.9574454506281"
"49","Planktotalea","22.1071611657335"
"50","Dehalogenimonas","32.2210582572882"
"51","Thiomonas","31.3798193369966"
"52","Mycobacterium","34.6098929936188"
"53","Pantoea","28.053326811317"
"54","Flavobacterium","25.8340335861895"
"55","Mesoplasma","34.188883182089"
"56","Corynebacterium","32.8033941630451"
"57","Streptomyces","30.0752408188948"
"58","Rhodoblastus","25.2343147750542"
"59","Clostridium_H","44.7195986787445"
"60","Sphingomonas","25.2596580061559"
"61","Gemmobacter","29.0512255073651"
"62","Undibacterium","23.8593938617982"
"63","Paenibacillus","29.4222604318242"
"64","Azotobacter","27.4374488738961"
"65","Pedobacter","23.2589905617782"
"66","Acidovorax","31.1173445195016"
"67","Gillisia","22.1058973747273"
"68","Roseibium","29.2422449597516"
"69","Phaeocystidibacter","32.4113335307983"
"70","Nonomuraea","29.7951494050491"
"71","Lutibacter","26.0187928492342"
"72","Mesoflavibacter","30.3489502548821"
"73","Spongiibacter","29.5529848072261"
"74","Micromonospora","28.0549112232372"
"75","Nocardioides","27.6859676972417"
"76","Brachybacterium","30.3698583145212"
"77","Neisseria","34.0357369263827"
"78","Myxococcus","28.5204342991345"
"79","Pararhizobium","27.2270007858267"
"80","Roseovarius","29.6662192750196"
"81","Achromobacter","31.9895564257421"
"82","Methylocella","20.9375437609056"
"83","Citrobacter","31.6759998882424"
"84","Bosea","25.2025467134564"
"85","Jeotgalicoccus","29.2198862103921"
"86","Geobacter","31.5366430203635"
"87","Nitrobacter","29.0385924258601"
"88","Lactobacillus","34.6721899624815"
"89","Micrococcus","30.0402101949134"
"90","Chitinophaga","30.9455044532226"
"91","Segniliparus","32.0931180497818"
"92","Caldicellulosiruptor","69.3410191450561"
"93","Sulfitobacter","22.6560533171142"
"94","Burkholderia","30.2925021570998"
"95","Bacillus","33.7959883002827"
"96","Oceanobacillus","35.5409606073314"
"97","Nocardia","30.2602917238974"
"98","Sphingobium","27.1864957067442"
"99","Salinicoccus","33.2926672454659"
"100","Nocardiopsis_A","32.9009291297413"
"101","Edwardsiella","30.8812205072929"
"102","Maritalea","33.883405160216"
"103","Thermodesulfobacterium","72.6456745860968"
"104","Thermocrispum","46.2089299024268"
"105","Paracoccus","29.5356982247466"
"106","Glycomyces","28.3068463257259"
"107","Advenella","32.7424117397379"
"108","Prolixibacter","29.4550264499659"
"109","Deinococcus","31.1974924910237"
"110","Acetobacter","29.9122688520257"
"111","Zobellia","27.3047814682864"
"112","Nitratireductor","30.22522497064"
"113","Lacinutrix","17.4881320121662"
"114","Pseudomonas","30.9119829411801"
"115","Thalassobius","26.7305454499993"
"116","Rhizobium","27.6441874241743"
"117","Pseudovibrio","26.903063274163"
"118","Curtobacterium","24.3530333509539"
"119","Brevibacterium","31.7975580106584"
"120","Brevundimonas","27.7143501428592"
"121","Moorella","61.2015443599813"
"122","Amycolatopsis","35.3075767994419"
"123","Marinomonas","26.2387499048411"
"124","Orenia","37.374016991643"
"125","Rhodococcus","28.5190013796846"
"126","Kushneria","30.8900243013669"
"127","Alcaligenes","30.2454355468238"
"128","Photobacterium","28.2128485619133"
"129","Halomonas","32.4063636298332"
"130","Salipiger","29.0558250851011"
"131","Litorimonas","26.6740128353071"
"132","Brevibacillus","42.0138837142888"
"133","Tenacibaculum","25.8105766247547"
"134","Luteimonas","27.2934842122564"
"135","Tepidicella","44.1385608821719"
"136","Paenisporosarcina","21.0591598169958"
"137","Microvirga","37.2680068117212"
"138","Ureibacillus","44.8816073365429"
"139","Thermosediminibacter","65.0109294701326"
"140","Nitrincola","23.1370317936525"
"141","Pseudoxanthomonas","37.9025051476133"
"142","Pseudonocardia","34.2788936427385"
"143","Sphingobacterium","30.6793923602193"
"144","Saccharopolyspora","36.6687062971514"
"145","Sphingopyxis","24.612599528829"
"146","Anoxybacillus","58.5649443733466"
"147","Microbacterium","28.2934432599928"
"148","Actinoplanes","28.3481758129699"
"149","Muriicola","29.7600282224115"
"150","Pseudooceanicola","30.3507289677099"
"151","Glycocaulis","32.2435272099355"
"152","Nonlabens","25.6801671797414"
"153","Rhodoplanes","31.7584333535368"
"154","Caldicoprobacter","67.0884446669474"
"155","Paeniglutamicibacter","20.3725159012488"
"156","Thiothrix","24.3255247340734"
"157","Methylomonas","25.4237758206115"
"158","Acinetobacter","29.1374195691512"
"159","Polaribacter","21.3842234812361"
"160","Ectothiorhodospira","33.072828297707"
"161","Leeuwenhoekiella","24.4900118736869"
"162","Kaistia","27.2236234007855"
"163","Leptospira","29.12338278957"
"164","Salegentibacter","28.2269652319978"
"165","Methylobacillus","32.248595085523"
"166","Geodermatophilus","30.8652191902017"
"167","Agrococcus","20.6372430096946"
"168","Bradyrhizobium","29.8852572408625"
"169","Allochromatium","30.1250560838156"
"170","Reinekea","27.5838153957405"
"171","Hoeflea","29.5081441920697"
"172","Octadecabacter","15.0508073496276"
"173","Oceanithermus","60.0673822199711"
"174","Weissella","29.5960409287824"
"175","Asticcacaulis","26.0555904296142"
"176","Hydrogenobaculum","58.1749732564354"
"177","Sphaerochaeta","28.4133812258209"
"178","Thermanaerovibrio","54.6529368293461"
"179","Glaciecola","18.1335625469895"
"180","Corallococcus","28.033928142612"
"181","Kosakonia","31.0949505739932"
"182","Kordiimonas","35.5246242730107"
"183","Gramella","28.8754260860581"
"184","Stappia","28.6347252073321"
"185","Thermodesulfovibrio","59.4003902246208"
"186","Rathayibacter","24.6311230509374"
"187","Methylocaldum","38.2327755681243"
"188","Pseudophaeobacter","21.2519862716405"
"189","Runella","31.5861145077878"
"190","Roseivivax","30.8619275636493"
"191","Exiguobacterium","27.8165177916596"
"192","Clostridium_I","31.1313002348934"
"193","Cronobacter","34.5509301670156"
"194","Phaeobacter","26.1127109733953"
"195","Virgibacillus","36.8299252026504"
"196","Stenotrophomonas","30.4327412100944"
"197","Phenylobacterium","28.3045490046935"
"198","Pontibacter","29.773043605425"
"199","Endozoicomonas","25.0366718197602"
"200","Pectobacterium","26.8432663259757"
"201","Microbulbifer","34.1000806261168"
"202","Zunongwangia","28.150362403806"
"203","Methylocystis","25.5443636028102"
"204","Salinicola","32.9988508310885"
"205","Antarctobacter","20.7966325704618"
"206","Actinokineospora","27.4259687089804"
"207","Marinifilum","24.2890451797015"
"208","Hydrogenovibrio","32.9881567061261"
"209","Acidithiobacillus","29.7510039619047"
"210","Thermoanaerobacterium","57.3290455070272"
"211","Pseudoclavibacter","28.1560056211177"
"212","Skermanella","29.8695586068502"
"213","Subtercola","18.0639562885513"
"214","Bowmanella","31.6747168623058"
"215","Proteiniphilum","36.4263363275746"
"216","Cryobacterium","19.0623052699402"
"217","Chryseobacterium","27.2707543070385"
"218","Friedmanniella","26.9905109018743"
"219","Cellulomonas","28.6348054044154"
"220","Yoonia","28.3361124143209"
"221","Chitinimonas","31.1874904836123"
"222","Marinobacterium","24.7698756304712"
"223","Maribacter","25.2546742474772"
"224","Blastococcus","30.6282759188891"
"225","Yersinia","29.7381708577178"
"226","Meiothermus","53.1269981230869"
"227","Borreliella","34.5043564752795"
"228","Kribbella","28.2950108528476"
"229","Alteromonas","28.9116848248109"
"230","Mesorhizobium","26.0780859702481"
"231","Desulfotomaculum","51.813357844708"
"232","Muricauda","27.8976832475358"
"233","Fervidobacterium","69.5103606450435"
"234","Nocardiopsis","30.3838782674069"
"235","Methylophaga","28.225776320287"
"236","Gracilibacillus","38.6611848214715"
"237","Dickeya","32.4561077681182"
"238","Gilvimarinus","29.3167245728082"
"239","Desulfatibacillum","29.2462995921288"
"240","Psychromonas","14.1832438124813"
"241","Thermocrinis","77.4692423982742"
"242","Arthrobacter_D","17.4866151942549"
"243","Enterococcus","35.2532143867898"
"244","Pseudomonas_B","28.1222106600171"
"245","Trabulsiella","31.9296257455653"
"246","Collimonas","20.9931036229449"
"247","Jeotgalibacillus","34.1399200776138"
"248","Martelella","28.4549193312966"
"249","Demequina","28.7835785590525"
"250","Azohydromonas","32.4483079299393"
"251","Chromobacterium","30.0497574961703"
"252","Enterococcus_A","33.8426261479058"
"253","Thalassospira","30.1233778895856"
"254","Exiguobacterium_A","27.703517073352"
"255","Geofilum","33.5494870303396"
"256","Sanguibacter","26.5190387546049"
"257","Caulobacter","25.9253974536494"
"258","Mariprofundus","27.8272309830039"
"259","Kangiella","32.8955454899246"
"260","Labedella","28.4719961608409"
"261","Brumimicrobium","24.9595745399253"
"262","Marmoricola","27.9783202622501"
"263","Zhihengliuella","27.7943433255178"
"264","Dyella","30.5861457746847"
"265","Luteibacter","26.2757230704945"
"266","Cellulosimicrobium","31.331286454686"
"267","Psychrobacillus","27.5221039236955"
"268","Apibacter","31.9663086841773"
"269","Leptotrichia","37.5111141309712"
"270","Allofrancisella","31.7644440334934"
"271","Winogradskyella","25.8497925714275"
"272","Cohnella","36.4543498114379"
"273","Amylibacter","27.7332743988515"
"274","Psychroflexus","24.8690360933164"
"275","Stigmatella","28.1796829546015"
"276","Melghirimyces","49.7138945118642"
"277","Polaromonas","19.510175785371"
"278","Erwinia","28.5548466902709"
"279","Roseobacter","21.8756136802313"
"280","Rhodomicrobium","26.8774141100408"
"281","Thermaerobacter","70.7006921805553"
"282","Salmonella","35.1611801135102"
"283","Aequorivita","18.309455641431"
"284","Rheinheimera","30.1209981892591"
"285","Brochothrix","24.6201167014781"
"286","Desulfobulbus","34.2806404337891"
"287","Legionella","33.3585308183533"
"288","Kordia","24.7109212997432"
"289","Thermobifida","45.0636520660838"
"290","Sporosarcina","25.7610813680941"
"291","Salisediminibacterium","32.0498202173074"
"292","Oceanisphaera","26.4671835147274"
"293","Rhodoferax","25.6772428910766"
"294","Carboxydothermus","65.7813489652422"
"295","Lentzea","25.440355869535"
"296","Francisella","27.5924775043931"
"297","Idiomarina","32.0113472372497"
"298","Marinimicrobium","35.6027920186283"
"299","Amphritea","22.0917434804724"
"300","Agromyces","25.8466288381807"
"301","Sphaerotilus","27.545496501887"
"302","Kitasatospora","26.8221133137388"
"303","Longispora","28.0931235995021"
"304","Aquimarina","26.8574248199614"
"305","Lactococcus","31.9004871473555"
"306","Acetomicrobium","54.1698453486939"
"307","Loktanella","23.3457607668246"
"308","Chromohalobacter","29.5250486379871"
"309","Azospirillum","29.8258019680737"
"310","Deferribacter","58.5936716270979"
"311","Thermosipho","69.3371834293214"
"312","Thermodesulfobium","52.1124060448926"
"313","Oceanibaculum","30.5133356498704"
"314","Cytophaga","26.8698643592483"
"315","Serratia","26.6236135831149"
"316","Arenibacter","22.4291613614124"
"317","Bartonella","34.3664361824324"
"318","Spiroplasma","32.2360246079638"
"319","Planococcus","27.3997890780862"
"320","Acetobacterium","22.4465653633321"
"321","Ruegeria","34.3043294219681"
"322","Henriciella","27.5182210899779"
"323","Ottowia","29.006547699679"
"324","Pannonibacter","31.7937176555783"
"325","Euzebya","27.1640625286325"
"326","Aliidiomarina","32.1375218786124"
"327","Rubrivivax","32.2837844227773"
"328","Macrococcus","34.7733954035801"
"329","Polyangium","28.5468061545169"
"330","Prosthecobacter","27.8521154405068"
"331","Edaphobacter","25.8300720264752"
"332","Roseibacillus","33.0787536445332"
"333","Acetoanaerobium","35.7471957927936"
"334","Ancylobacter","28.3507140252477"
"335","Echinicola","31.6235137017187"
"336","Leucobacter","33.4363484937505"
"337","Halolactibacillus","36.3888357456845"
"338","Dysgonomonas","35.0327214965407"
"339","Cellulophaga","24.8463580364335"
"340","Listeria","32.5569508241037"
"341","Cardiobacterium","35.1944976548023"
"342","Reyranella","26.5359549096087"
"343","Chlorobium","30.5666607753536"
"344","Brachyspira","39.0136839111387"
"345","Cellulosilyticum","38.0960287969757"
"346","Hippea","58.4391451706427"
"347","Cecembia","36.9503562677366"
"348","Thiomicrorhabdus","30.008696125336"
"349","Limimaricola","31.0204445827489"
"350","Hyphomonas","29.1269658396998"
"351","Salinisphaera","32.1522353570213"
"352","Devosia","26.6396477469804"
"353","Cyclobacterium","26.6399069138047"
"354","Roseivirga","23.6252950245442"
"355","Thermodesulfatator","68.2167792618524"
"356","Thermogemmatispora","58.4049064713909"
"357","Floricoccus","33.4804960317232"
"358","Domibacillus","36.1044245384141"
"359","Roseomonas","33.3291695349254"
"360","Halioglobus","23.4250868565648"
"361","Capnocytophaga","33.4119967172353"
"362","Thermovibrio","73.7300149642675"
"363","Tepidimonas","50.427536328951"
"364","Pseudoxanthomonas_A","30.3529002041714"
"365","Thermomonas","32.1841361908629"
"366","Kroppenstedtia","47.466116386145"
"367","Streptosporangium","32.3718924012519"
"368","Marinitoga","63.4987832421747"
"369","Afifella","29.3479586068434"
"370","Litoreibacter","26.4053317338505"
"371","Alicyclobacillus","51.9397441077822"
"372","Cohaesibacter","27.5979490088206"
"373","Providencia","35.0508821244806"
"374","Bacillus_A","33.5252891583028"
"375","Desulfitobacterium","32.9089020839627"
"376","Dietzia","32.1454697151898"
"377","Cupriavidus","29.186084722589"
"378","Bordetella","34.654410189174"
"379","Anaerostipes","39.3717312886467"
"380","Rubritalea","27.1686001444783"
"381","Halobacillus","34.6858532741139"
"382","Arenimonas","35.0205831511526"
"383","Actinotalea","30.2738521625507"
"384","Pseudothermotoga_A","71.9393863428537"
"385","Elizabethkingia","32.7761870446841"
"386","Moraxella","31.1924986466278"
"387","Ammonifex","71.0470307719486"
"388","Mariniphaga","34.8018166050169"
"389","Pectinatus","30.9887486574436"
"390","Rummeliibacillus","33.18822299172"
"391","Moritella","12.0641349301547"
"392","Frigoribacterium","17.029258666311"
"393","Haloferula","27.9045423355417"
"394","Desulforhopalus","25.6978323542255"
"395","Ferrimonas","31.1874337776065"
"396","Neptunomonas","18.9584482462085"
"397","Hymenobacter","16.9320859852974"
"398","Rhodothermus","67.6605424038145"
"399","Aliivibrio","19.8158339585256"
"400","Dictyoglomus","74.4017090325767"
"401","Paraglaciecola","22.2377112915015"
"402","Pseudorhodobacter","22.7956906635449"
"403","Nesterenkonia","27.6985855151873"
"404","Gelidibacter","17.3246433928092"
"405","Actinophytocola","27.1758349612139"
"406","Solitalea","25.9867196293213"
"407","Methylacidiphilum","56.1344197730013"
"408","Persephonella","69.6687185716925"
"409","Sulfurimonas","22.8345889570682"
"410","Desulfosporosinus","31.6367990623482"
"411","Thiobacillus","29.2491759059092"
"412","Teredinibacter","32.4393976227656"
"413","Arcticibacter","20.3130463807352"
"414","Dehalococcoides","29.7662811533559"
"415","Microterricola","20.5998117494511"
"416","Salinivibrio","32.7787276508257"
"417","Klebsiella","34.4127231588216"
"418","Microcella","34.1272745775492"
"419","Thermomonospora","51.2030924445383"
"420","Erysipelothrix","31.2709810822564"
"421","Acidocella","25.6753600414736"
"422","Desulfacinum","58.5674810952056"
"423","Acidiphilium","28.6088857543683"
"424","Desulfomicrobium","33.8341833239503"
"425","Psychroserpens","16.7176097957337"
"426","Thioclava","32.9815720400056"
"427","Formosa","22.761284436184"
"428","Shimia","29.4770821147494"
"429","Alicyclobacillus_G","50.1819492779476"
"430","Photorhabdus","28.9578870645242"
"431","Pseudomaricurvus","29.7689824527409"
"432","Arenicella","27.0104228902225"
"433","Kluyvera","31.5078600641728"
"434","Thermotoga","77.4864422869506"
"435","Hydrogenobacter","73.5920685301236"
"436","Lebetimonas","53.2324896853826"
"437","Sulfurihydrogenibium","65.7611197906738"
"438","Caloramator","57.7938433980606"
"439","Filimonas","29.201971513968"
"440","Geomonas","31.5299553091755"
"441","Alkalibacterium","31.2447458494745"
"442","Aidingimonas","33.7987106279287"
"443","Sporolactobacillus","34.2969338909481"
"444","Niastella","32.4997226020489"
"445","Marinospirillum","31.9766321469723"
"446","Proteus","34.5664031780905"
"447","Afipia","27.4993623249431"
"448","Desulfovibrio","33.8016729628413"
"449","Chitinibacter","30.2557478882696"
"450","Microbacterium_A","27.1921297719698"
"451","Escherichia","35.2115832667259"
"452","Aurantimonas","27.319191670944"
"453","Brenneria","27.047127412966"
"454","Reichenbachiella","28.4979052574608"
"455","Coprothermobacter","58.1979605959696"
"456","Pseudodesulfovibrio","31.1382184797245"
"457","Paraburkholderia","28.7783064014017"
"458","Flammeovirga","27.3095335481652"
"459","Poseidonocella","27.1154814813984"
